{"timeSpeed":0.3580000400543213,"eventSpeed":0.9714545607566834,"themeVolume":1.0,"disableTutorial":false}
